,username,birthday,email,phone,address,introduction,identitynum,password,hashed password
0,zhodge,1915-2-2,caleb68@hotmail.com,029-33-4904,"68740 Samuel Circle Apt. 066
East Oscar, MD 77778",Current former time page support station evidence sister join hope life music away it fly specific prevent of doctor they fly up cell themselves out conference choose.,6508962948165092,JMioVJAk6A,$2b$08$a7NtmzkeBRaxFGwY.a2En.e6ZzVIQfVPCxe.R3xmodP0aBVRjDH.O
1,gmartin,2000-5-5,danawaters@gmail.com,791-98-3183,"559 Hensley Glens
West Savannahburgh, UT 72170",Animal war west stock modern continue when imagine involve forget which by recently.,4407496142947,euNzFQaGI9,$2b$08$i5I0uGoAUX4QGSsOAOBQKOhFQTv6qI.J4RK7smIb2npzUwigvnBau
2,rhondabarton,1946-5-20,duranjohn@yahoo.com,125-83-0304,"48599 Perez Parkway
Lucastown, NV 84539",Itself along science every rule girl which concern marriage operation more year door half skill.,4458962215893428736,22pODbPxyR,$2b$08$MDCdwtlp/KRJovAFr6X2Eu7b1UCxFOrbxFINmhbxhyu.cvjdXyVzm
3,ambercole,1973-10-31,katiegonzalez@yahoo.com,768-41-9477,"951 Harrington Stream Apt. 194
East Michellemouth, CO 20668",Push government laugh maybe attack common focus white blue what take exactly century town seek police ground detail information southern heavy most whatever serve.,375134156585469,Ej4k5FbG3m,$2b$08$asYoK15ebj34xYIgGycXFORo5qeQH4xGNgPwG3GRuQtdo26Q4f7Vi
4,jillwilliamson,1984-6-4,taylorkaren@yahoo.com,643-53-3918,"484 Smith Drives Apt. 309
Moraleston, LA 16923",Result sometimes his head tree suffer hope organization heavy letter process marriage strategy mouth movement rule want use say pay head fund.,180064484334527,62WFRGnny9,$2b$08$Ibi1EapjV1VSOtm.sNaIk.AHf6eErb6mgTUejDX3ilBx01gJSf/q2
5,phicks,1960-5-14,ubautista@yahoo.com,785-58-0693,"3963 Collins Ferry
New Lydia, CO 37150",Door standard government as free strategy structure too day although such save lawyer have research parent opportunity drop practice.,639041332235,8sHOm3VQ47,$2b$08$zweJaeb.knkjeZ20G/2/JegzormXfJZ/VVFBMmDiv.gukce5vUe3S
6,beckamanda,1944-9-17,hannah02@yahoo.com,261-63-6077,"0538 Collins Lock Suite 741
Jenniferburgh, NJ 81142",Fact test dog couple third whatever hear wish spring book have much sport piece its design sort phone against environmental describe minute.,6011633115154264,BSP6SMZfD7,$2b$08$uxLPLW3yL/7Py.4HsUoPaO80l1hmqtxw5aza0C/W2nviGxvDRb75K
7,hwells,1935-6-13,gregorybuck@gmail.com,394-71-5937,"51731 Perry Estates Apt. 566
East Regina, WA 34500",Cell wait think example for policy near mean alone here myself prove scene participant certain forward couple gun around stand always value letter democratic.,3534435447547784,jGiYGxzeX6,$2b$08$s9wCasH3AOlnyea1Lk0fx.LAx.5ELlrCeuoOqpuBnVfRM/b7.CRmu
8,nancycastillo,1967-9-4,nealmatthew@yahoo.com,759-63-6148,"126 Thompson Extensions Apt. 799
Jameshaven, ND 74098",Identify character information official some condition land successful production environmental contain economic manager letter face improve important dinner story explain modern development sister cup discussion.,4083971834559464,11sTwrMS6B,$2b$08$l1e/RrXRQsZ6jVVYzRlVpuwWtWpn8Hj9yyWu1ijqWcotLp2P4EJ7i
9,harrisvirginia,1976-5-24,hillthomas@hotmail.com,509-47-7567,"21971 Olsen Islands
West Malikside, NC 56515",Act right cover theory his air family system analysis left school section will evening leader music pick.,4071868276294283,R27jYnfLm0,$2b$08$X3Ih2c4w4ZIgDV9mTCLCd.reLepYDWuVVwfOvW6IRIZ4YtXnFD13q
